{
  "timestamp": "2025-07-09T12:39:24.091992",
  "analysis_id": 1,
  "timestep": 5000,
  "elapsed_time": 166.47848773002625,
  "algorithm": "ppo",
  "metrics": {
    "episode_reward": {
      "mean": -19.51937887878788,
      "std": 5.923860219954966,
      "min": -27.58578,
      "max": -3.837899,
      "count": 33
    },
    "episode_length": {
      "mean": 150.0,
      "std": 0.0,
      "min": 150,
      "max": 150
    },
    "success_rate": {
      "rate": 0.0,
      "count": 33
    },
    "policy_loss": {
      "mean": -0.011003065349359534,
      "std": 3.469446951953614e-18,
      "trend": "stable"
    },
    "value_loss": {
      "mean": 1.1337580386549235,
      "std": 0.0,
      "trend": "stable"
    }
  },
  "health_check": {
    "status": "healthy",
    "issues": []
  },
  "recommendations": [],
  "warnings": []
}