{
  "timestamp": "2025-07-09T21:36:19.248131",
  "analysis_id": 12,
  "timestep": 12000,
  "elapsed_time": 524.3233392238617,
  "algorithm": "dapg",
  "metrics": {
    "episode_reward": {
      "mean": -144.289156626506,
      "std": 21.842001166362294,
      "min": -150.0,
      "max": -41.0,
      "count": 83
    },
    "episode_length": {
      "mean": 144.3734939759036,
      "std": 21.603051348158402,
      "min": 42,
      "max": 150
    },
    "success_rate": {
      "rate": 0.08433734939759036,
      "count": 83
    },
    "policy_loss": {
      "mean": 0.11108502000570297,
      "std": 0.0,
      "trend": "stable"
    },
    "value_loss": {
      "mean": 5.758469104766846,
      "std": 0.0,
      "trend": "stable"
    },
    "bc_loss": {
      "mean": -4.510133125530104,
      "std": 0.0,
      "trend": "stable"
    }
  },
  "health_check": {
    "status": "healthy",
    "issues": []
  },
  "recommendations": [
    {
      "type": "bc_weight",
      "action": "decrease",
      "reason": "BC loss low but poor performance - reduce BC weight",
      "priority": "high"
    }
  ],
  "warnings": []
}