{
  "timestamp": "2025-07-09T21:32:07.487991",
  "analysis_id": 6,
  "timestep": 6000,
  "elapsed_time": 272.56320118904114,
  "algorithm": "dapg",
  "metrics": {
    "episode_reward": {
      "mean": -145.2439024390244,
      "std": 21.155383893888548,
      "min": -150.0,
      "max": -41.0,
      "count": 41
    },
    "episode_length": {
      "mean": 145.29268292682926,
      "std": 20.941549203576272,
      "min": 42,
      "max": 150
    },
    "success_rate": {
      "rate": 0.04878048780487805,
      "count": 41
    },
    "policy_loss": {
      "mean": 0.09310971200466156,
      "std": 0.0,
      "trend": "stable"
    },
    "value_loss": {
      "mean": 6.497758388519287,
      "std": 0.0,
      "trend": "stable"
    },
    "bc_loss": {
      "mean": -4.601676844512765,
      "std": 0.0,
      "trend": "stable"
    }
  },
  "health_check": {
    "status": "healthy",
    "issues": []
  },
  "recommendations": [
    {
      "type": "bc_weight",
      "action": "decrease",
      "reason": "BC loss low but poor performance - reduce BC weight",
      "priority": "high"
    }
  ],
  "warnings": []
}