{
  "timestamp": "2025-07-10T00:26:29.644677",
  "analysis_id": 254,
  "timestep": 254000,
  "elapsed_time": 10734.71988749504,
  "algorithm": "dapg",
  "metrics": {
    "episode_reward": {
      "mean": -144.49,
      "std": 22.113116017422783,
      "min": -150.0,
      "max": -41.0,
      "count": 100
    },
    "episode_length": {
      "mean": 144.55,
      "std": 21.87892821872223,
      "min": 42,
      "max": 150
    },
    "success_rate": {
      "rate": 0.06,
      "count": 100
    },
    "policy_loss": {
      "mean": -0.010541136860847473,
      "std": 0.028440461113225915,
      "trend": "stable"
    },
    "value_loss": {
      "mean": 7.420787823200226,
      "std": 1.340856461231328,
      "trend": "increasing"
    },
    "bc_loss": {
      "mean": -4.822640423837893,
      "std": 8.881784197001252e-16,
      "trend": "stable"
    }
  },
  "health_check": {
    "status": "healthy",
    "issues": []
  },
  "recommendations": [
    {
      "type": "bc_weight",
      "action": "decrease",
      "reason": "BC loss low but poor performance - reduce BC weight",
      "priority": "high"
    }
  ],
  "warnings": []
}