{
  "timestamp": "2025-07-10T02:25:48.379782",
  "analysis_id": 426,
  "timestep": 426000,
  "elapsed_time": 17893.45499110222,
  "algorithm": "dapg",
  "metrics": {
    "episode_reward": {
      "mean": -140.07,
      "std": 28.392694482912326,
      "min": -150.0,
      "max": -40.0,
      "count": 100
    },
    "episode_length": {
      "mean": 140.19,
      "std": 28.08511883542599,
      "min": 41,
      "max": 150
    },
    "success_rate": {
      "rate": 0.12,
      "count": 100
    },
    "policy_loss": {
      "mean": 0.03026798278093338,
      "std": 0.024938614471699854,
      "trend": "stable"
    },
    "value_loss": {
      "mean": 8.214536361694336,
      "std": 1.35307249396677,
      "trend": "decreasing"
    },
    "bc_loss": {
      "mean": -4.638674353010482,
      "std": 0.09172694860464146,
      "trend": "increasing"
    }
  },
  "health_check": {
    "status": "healthy",
    "issues": []
  },
  "recommendations": [
    {
      "type": "bc_weight",
      "action": "decrease",
      "reason": "BC loss low but poor performance - reduce BC weight",
      "priority": "high"
    }
  ],
  "warnings": []
}