{
  "timestamp": "2025-07-09T22:28:14.666553",
  "analysis_id": 84,
  "timestep": 84000,
  "elapsed_time": 3639.741763830185,
  "algorithm": "dapg",
  "metrics": {
    "episode_reward": {
      "mean": -144.91,
      "std": 18.95789809024197,
      "min": -150.0,
      "max": -52.0,
      "count": 100
    },
    "episode_length": {
      "mean": 144.98,
      "std": 18.708276243416975,
      "min": 53,
      "max": 150
    },
    "success_rate": {
      "rate": 0.07,
      "count": 100
    },
    "policy_loss": {
      "mean": 0.04788397282361984,
      "std": 0.006859207749366759,
      "trend": "stable"
    },
    "value_loss": {
      "mean": 6.70677619934082,
      "std": 3.394968109130859,
      "trend": "decreasing"
    },
    "bc_loss": {
      "mean": -4.508041545603813,
      "std": 8.881784197001252e-16,
      "trend": "stable"
    }
  },
  "health_check": {
    "status": "healthy",
    "issues": []
  },
  "recommendations": [
    {
      "type": "bc_weight",
      "action": "decrease",
      "reason": "BC loss low but poor performance - reduce BC weight",
      "priority": "high"
    }
  ],
  "warnings": []
}