{
  "timestamp": "2025-07-09T22:58:37.206483",
  "analysis_id": 127,
  "timestep": 127000,
  "elapsed_time": 5462.281692028046,
  "algorithm": "dapg",
  "metrics": {
    "episode_reward": {
      "mean": -145.46,
      "std": 20.09996019896557,
      "min": -150.0,
      "max": -47.0,
      "count": 100
    },
    "episode_length": {
      "mean": 145.51,
      "std": 19.885419281473553,
      "min": 48,
      "max": 150
    },
    "success_rate": {
      "rate": 0.05,
      "count": 100
    },
    "policy_loss": {
      "mean": 1.6773637866973876,
      "std": 1.650775584105534,
      "trend": "decreasing"
    },
    "value_loss": {
      "mean": 3.06662802696228,
      "std": 0.576190781929637,
      "trend": "decreasing"
    },
    "bc_loss": {
      "mean": -4.6908089940376,
      "std": 8.881784197001252e-16,
      "trend": "stable"
    }
  },
  "health_check": {
    "status": "healthy",
    "issues": []
  },
  "recommendations": [
    {
      "type": "bc_weight",
      "action": "decrease",
      "reason": "BC loss low but poor performance - reduce BC weight",
      "priority": "high"
    }
  ],
  "warnings": []
}