{
  "timestamp": "2025-07-09T16:34:49.457953",
  "analysis_id": 1,
  "timestep": 5000,
  "elapsed_time": 153.31570148468018,
  "algorithm": "ppo",
  "metrics": {
    "episode_reward": {
      "mean": -84.95893821212121,
      "std": 349.75795910830243,
      "min": -2063.388578,
      "max": -12.84844,
      "count": 33
    },
    "episode_length": {
      "mean": 150.0,
      "std": 0.0,
      "min": 150,
      "max": 150
    },
    "success_rate": {
      "rate": 0.0,
      "count": 33
    },
    "policy_loss": {
      "mean": -0.0014200171339325603,
      "std": 4.336808689942018e-19,
      "trend": "stable"
    },
    "value_loss": {
      "mean": 7733.933770751952,
      "std": 1.8189894035458565e-12,
      "trend": "stable"
    }
  },
  "health_check": {
    "status": "needs_attention",
    "issues": [
      {
        "type": "high_value_loss",
        "severity": "warning",
        "message": "Value function loss is high - may need more training data"
      }
    ]
  },
  "recommendations": [],
  "warnings": []
}